{
  "spool_time_95": 0.432,
  "settling_time": null,
  "peak_speed": 4.434119999999978,
  "overshoot": 4.434119999999978
}
