{
  "spool_time_95": 0.123,
  "settling_time": 2.039,
  "peak_turbo_speed": 280.86166427981516,
  "peak_boost": 2.1553145879904747,
  "overshoot": 10.060716332411062,
  "final_turbo_speed": 270.8009479474041
}